# ローカル環境で本格的に SQL を練習する

## 1. 環境構築（Mac 前提）

[Homebrew](http://brew.sh/) で Mac に直接 MySQL をインストールする（今回は手順を簡略化するために全てデフォルト設定とする）．

もし既に Vagrant や Docker など別の MySQL 環境がある場合はスキップすること．

```sh
$ /usr/bin/ruby -e "$(curl -fsSL https://raw.githubusercontent.com/Homebrew/install/master/install)"
$ brew install mysql
```

MySQL を起動する．

```sh
$ mysql.server start
Starting MySQL
.... SUCCESS!
```

もし MySQL の起動状況を確認する場合は `status` コマンドを使う．

```sh
$ mysql.server status
 SUCCESS! MySQL running (75995)
```

## 2. サンプルデータを登録する

MySQL から公式に提供されているサンプルデータを活用する．

以下の URL にある `world database` のリンクから Gzip or Zip をダウンロードして展開する．

* https://dev.mysql.com/doc/index-other.html

以下のコマンドでダウンロードしたサンプルデータ `world.sql` を登録する（ファイルパスは各自異なるため書き換える）．

```sh
$ mysql -u root < ./world.sql
```

## 3. SQL を実行する

### MySQL に接続する

次から `mysql>` となっている場合は MySQL に接続済であることを意味する．

```sh
$ mysql -u root
mysql>
```

今回使う `world` データベースを選択する．

```sql
mysql> USE world;
Database changed
```

### SQL : テーブル一覧を取得する

`SHOW TABLES` でテーブル一覧を取得できる．

以下の結果から計3個のテーブルが存在していることがわかる．今回は都市情報を持った `city` テーブルと国情報を持った `country` テーブルを使う．

```sql
mysql> SHOW TABLES;
+-----------------+
| Tables_in_world |
+-----------------+
| city            |
| country         |
| countrylanguage |
+-----------------+
3 rows in set (0.00 sec)
```

### SQL : テーブルのカラム情報を取得する

`DESC` でテーブルのカラム情報を取得できる．

`city` テーブルには「都市 ID」「都市名」「カントリーコード」「都道府県」「人口」情報が入っていることがわかる．

```sql
mysql> DESC city;
+-------------+----------+------+-----+---------+----------------+
| Field       | Type     | Null | Key | Default | Extra          |
+-------------+----------+------+-----+---------+----------------+
| ID          | int(11)  | NO   | PRI | NULL    | auto_increment |
| Name        | char(35) | NO   |     |         |                |
| CountryCode | char(3)  | NO   | MUL |         |                |
| District    | char(20) | NO   |     |         |                |
| Population  | int(11)  | NO   |     | 0       |                |
+-------------+----------+------+-----+---------+----------------+
5 rows in set (0.00 sec)
```

### SQL : 都市を10件取得する

`SELECT *` で任意のカラムを取得でき，`FROM` 句でテーブル名を指定している．

`LIMIT` で取得する件数を指定することができる．テーブルに大量のデータが入っていることもあるため，悩んだら `LIMIT` を付ける癖を持っておく．

```sql
mysql> SELECT * FROM city LIMIT 10;
+----+----------------+-------------+---------------+------------+
| ID | Name           | CountryCode | District      | Population |
+----+----------------+-------------+---------------+------------+
|  1 | Kabul          | AFG         | Kabol         |    1780000 |
|  2 | Qandahar       | AFG         | Qandahar      |     237500 |
|  3 | Herat          | AFG         | Herat         |     186800 |
|  4 | Mazar-e-Sharif | AFG         | Balkh         |     127800 |
|  5 | Amsterdam      | NLD         | Noord-Holland |     731200 |
|  6 | Rotterdam      | NLD         | Zuid-Holland  |     593321 |
|  7 | Haag           | NLD         | Zuid-Holland  |     440900 |
|  8 | Utrecht        | NLD         | Utrecht       |     234323 |
|  9 | Eindhoven      | NLD         | Noord-Brabant |     201843 |
| 10 | Tilburg        | NLD         | Noord-Brabant |     193238 |
+----+----------------+-------------+---------------+------------+
10 rows in set (0.00 sec)
```

### SQL : カントリーコードを検索して日本の都市を10件取得する

`WHERE` で条件を書くとデータを絞り込むことができる．

```sql
mysql> SELECT * FROM city WHERE CountryCode = 'JPN' LIMIT 10;
+------+---------------------+-------------+-----------+------------+
| ID   | Name                | CountryCode | District  | Population |
+------+---------------------+-------------+-----------+------------+
| 1532 | Tokyo               | JPN         | Tokyo-to  |    7980230 |
| 1533 | Jokohama [Yokohama] | JPN         | Kanagawa  |    3339594 |
| 1534 | Osaka               | JPN         | Osaka     |    2595674 |
| 1535 | Nagoya              | JPN         | Aichi     |    2154376 |
| 1536 | Sapporo             | JPN         | Hokkaido  |    1790886 |
| 1537 | Kioto               | JPN         | Kyoto     |    1461974 |
| 1538 | Kobe                | JPN         | Hyogo     |    1425139 |
| 1539 | Fukuoka             | JPN         | Fukuoka   |    1308379 |
| 1540 | Kawasaki            | JPN         | Kanagawa  |    1217359 |
| 1541 | Hiroshima           | JPN         | Hiroshima |    1119117 |
+------+---------------------+-------------+-----------+------------+
10 rows in set (0.00 sec)
```

### SQL : ソートして取得する

`ORDER BY` で特定のカラムでソートをすることができる．`DESC` を付けると降順にソートできる（デフォルトは昇順）．

よって，以下の例では「人口」の昇順でソートしているため「人口の少ない日本の都市 TOP 3」を取得していることになる．

```sql
mysql> SELECT * FROM city WHERE CountryCode = 'JPN' ORDER BY Population LIMIT 3;
+------+-------------+-------------+----------+------------+
| ID   | Name        | CountryCode | District | Population |
+------+-------------+-------------+----------+------------+
| 1779 | Tsuyama     | JPN         | Okayama  |      91170 |
| 1778 | Kashiwazaki | JPN         | Niigata  |      91229 |
| 1777 | Narita      | JPN         | Chiba    |      91470 |
+------+-------------+-------------+----------+------------+
3 rows in set (0.00 sec)
```

### SQL : 東京より人口が多い都市を取得する

`WHERE` を使って「人口」が「東京の人口」以上の都市を取得し，さらに「人口」の降順でソートしている．

都市だと「ムンバイ」が最多であることがわかる．

```sql
mysql> SELECT * FROM city WHERE Population >= 7980230 ORDER BY Population DESC;
+------+-------------------+-------------+------------------+------------+
| ID   | Name              | CountryCode | District         | Population |
+------+-------------------+-------------+------------------+------------+
| 1024 | Mumbai (Bombay)   | IND         | Maharashtra      |   10500000 |
| 2331 | Seoul             | KOR         | Seoul            |    9981619 |
|  206 | São Paulo         | BRA         | São Paulo        |    9968485 |
| 1890 | Shanghai          | CHN         | Shanghai         |    9696300 |
|  939 | Jakarta           | IDN         | Jakarta Raya     |    9604900 |
| 2822 | Karachi           | PAK         | Sindh            |    9269265 |
| 3357 | Istanbul          | TUR         | Istanbul         |    8787958 |
| 2515 | Ciudad de México  | MEX         | Distrito Federal |    8591309 |
| 3580 | Moscow            | RUS         | Moscow (City)    |    8389200 |
| 3793 | New York          | USA         | New York         |    8008278 |
| 1532 | Tokyo             | JPN         | Tokyo-to         |    7980230 |
+------+-------------------+-------------+------------------+------------+
11 rows in set (0.00 sec)
```

### SQL : グルーピングする

`GROUP BY` を使うと同じ値でグルーピングすることができる．

以下の例では「カントリーコード」でグルーピングをして，国ごとの都市数を取得している．

なお `COUNT(*)` でグルーピングしたグループのレコード数を表示することができる．

```sql
mysql> SELECT CountryCode, COUNT(*) FROM city GROUP BY CountryCode;
+-------------+----------+
| CountryCode | COUNT(*) |
+-------------+----------+
| ABW         |        1 |
| AFG         |        4 |
| AGO         |        5 |
| AIA         |        2 |
| ALB         |        1 |
| AND         |        1 |
| ANT         |        1 |
| ARE         |        5 |
| ARG         |       57 |
（中略）
| ZAF         |       44 |
| ZMB         |        7 |
| ZWE         |        6 |
+-------------+----------+
232 rows in set (0.01 sec)
```

### SQL : グルーピングした結果をソートする

同じく `ORDER BY` を使うとグルーピングした結果をソートして取得することができる．

以下は「都市数の多い国 TOP 5」を取得している．

```sql
mysql> SELECT CountryCode, COUNT(*) FROM city GROUP BY CountryCode ORDER BY COUNT(*) DESC LIMIT 5;
+-------------+----------+
| CountryCode | COUNT(*) |
+-------------+----------+
| CHN         |      363 |
| IND         |      341 |
| USA         |      274 |
| BRA         |      250 |
| JPN         |      248 |
+-------------+----------+
5 rows in set (0.03 sec)
```

### SQL : グルーピングした結果を検索する

グルーピングした結果を検索する場合は `WHERE` ではなく `HAVING` を使う．

以下は「都市数が300以上の国」を取得している．

```sql
mysql> SELECT CountryCode, COUNT(*) FROM city GROUP BY CountryCode HAVING COUNT(*) > 300;
+-------------+----------+
| CountryCode | COUNT(*) |
+-------------+----------+
| CHN         |      363 |
| IND         |      341 |
+-------------+----------+
2 rows in set (0.00 sec)
```

### SQL : グルーピングした結果を集計する

`SUM` を使うと総和を取得することができる．

以下は「国ごとの総人口」を取得している．

```sql
mysql> SELECT CountryCode, SUM(Population) FROM city GROUP BY CountryCode ORDER BY SUM(Population) DESC LIMIT 5;
+-------------+-----------------+
| CountryCode | SUM(Population) |
+-------------+-----------------+
| CHN         |       175953614 |
| IND         |       123298526 |
| BRA         |        85876862 |
| USA         |        78625774 |
| JPN         |        77965107 |
+-------------+-----------------+
5 rows in set (0.01 sec)
```

### SQL : 通常のカラム値を計算する

（ここでは `country` テーブルを使う）

`SELECT *` ではなく特定のカラムを書くことで選択したカラムだけを取得することができる．また加算や除算もできる．

「総面積」と「人口」の値を除算して「人口密度」を取得している．

TOP 5 の国を見ると Wikipedia に載っているランキングと一致（少し順番は違うけど）していて，結果が正しいことがわかる．

* https://en.wikipedia.org/wiki/List_of_countries_and_territories_by_population_density

```sql
mysql> SELECT Code, Name, Region, SurfaceArea, Population, Population/SurfaceArea FROM country ORDER BY Population/SurfaceArea DESC LIMIT 5;
+------+-----------+-----------------+-------------+------------+------------------------+
| Code | Name      | Region          | SurfaceArea | Population | Population/SurfaceArea |
+------+-----------+-----------------+-------------+------------+------------------------+
| MAC  | Macao     | Eastern Asia    |       18.00 |     473000 |           26277.777778 |
| MCO  | Monaco    | Western Europe  |        1.50 |      34000 |           22666.666667 |
| HKG  | Hong Kong | Eastern Asia    |     1075.00 |    6782000 |            6308.837209 |
| SGP  | Singapore | Southeast Asia  |      618.00 |    3567000 |            5771.844660 |
| GIB  | Gibraltar | Southern Europe |        6.00 |      25000 |            4166.666667 |
+------+-----------+-----------------+-------------+------------+------------------------+
5 rows in set (0.00 sec)
```
